Disciplina,Assunto,Tópicos (separados por vírgula),Material Completo em HTML,timestamp
Matemática,Funções,"Função quadrática, Função exponencial, Função logarítmica","'
    <!DOCTYPE html>
    <html lang=""pt-BR"">
    <head>
        <meta charset=""UTF-8"">
        <meta name=""viewport"" content=""width=device-width, initial-scale=1.0"">
        <title>Material Completo</title>
        <style>
            body { font-family: Arial, sans-serif; line-height: 1.6; margin: 20px; }
            h1, h2, h3 { color: #2c3e50; }
            code { background: #f4f4f4; padding: 2px 5px; border-radius: 3px; }
            pre { background: #f4f4f4; padding: 10px; border-radius: 5px; overflow-x: auto; }
            blockquote { border-left: 4px solid #ccc; margin: 0; padding-left: 10px; color: #555; }
        </style>
    </head>
    <body>
    <p>=== Plano de Estudos ===</p>
<p>Plano de Estudos Personalizado: Funções em Matemática</p>
<p><strong>Introdução</strong>
O estudo de funções é fundamental na matemática, pois permite entender e modelar uma ampla gama de fenômenos naturais e sociais. Neste plano de estudos, vamos nos concentrar em três tipos importantes de funções: quadrática, exponencial e logarítmica. Cada uma dessas funções tem aplicações únicas e é essencial para o avanço em áreas como física, engenharia, economia e ciência da computação.</p>
<p><strong>Objetivos do Plano de Estudos</strong>
- Compreender a definição e as propriedades básicas de funções quadráticas, exponenciais e logarítmicas.
- Aprender a graficar e analisar essas funções.
- Desenvolver habilidades para resolver equações e inequações envolvendo essas funções.
- Aplicar conhecimentos de funções em problemas práticos e teóricos.</p>
<p><strong>Tópico 1: Função Quadrática</strong></p>
<ol>
<li><strong>Definição e Forma Padrão</strong>: Estudar a definição de funções quadráticas e sua forma padrão (f(x) = ax^2 + bx + c).</li>
<li><strong>Gráficos de Funções Quadráticas</strong>: Aprender a graficar funções quadráticas, identificando vértices, eixos de simetria e interceptos.</li>
<li><strong>Análise de Funções Quadráticas</strong>: Estudar como as funções quadráticas se comportam em diferentes intervalos, incluindo máximos e mínimos locais.</li>
<li><strong>Resolução de Equações Quadráticas</strong>: Aprender métodos para resolver equações quadráticas, incluindo fatoração, quadrado perfeito e fórmula quadrática.</li>
<li><strong>Exercícios Práticos</strong>: Resolver uma variedade de problemas que envolvem funções quadráticas, incluindo aplicação em física e engenharia.</li>
</ol>
<p><strong>Tópico 2: Função Exponencial</strong></p>
<ol>
<li><strong>Definição e Propriedades</strong>: Estudar a definição de funções exponenciais e suas propriedades, incluindo a regra dos exponentes.</li>
<li><strong>Gráficos de Funções Exponenciais</strong>: Aprender a graficar funções exponenciais, observando o crescimento ou declínio exponencial.</li>
<li><strong>Análise de Funções Exponenciais</strong>: Analisar o comportamento das funções exponenciais, incluindo taxas de crescimento e declínio.</li>
<li><strong>Resolução de Equações Exponenciais</strong>: Aprender a resolver equações que envolvem funções exponenciais, usando logaritmos.</li>
<li><strong>Aplicações</strong>: Explorar aplicações de funções exponenciais em biologia, economia e física.</li>
</ol>
<p><strong>Tópico 3: Função Logarítmica</strong></p>
<ol>
<li><strong>Definição e Propriedades</strong>: Estudar a definição de funções logarítmicas e suas propriedades, incluindo a relação com funções exponenciais.</li>
<li><strong>Gráficos de Funções Logarítmicas</strong>: Aprender a graficar funções logarítmicas, observando seu comportamento.</li>
<li><strong>Análise de Funções Logarítmicas</strong>: Analisar o comportamento das funções logarítmicas, incluindo domínio e range.</li>
<li><strong>Resolução de Equações Logarítmicas</strong>: Aprender a resolver equações que envolvem funções logarítmicas, usando propriedades logarítmicas.</li>
<li><strong>Aplicações</strong>: Explorar aplicações de funções logarítmicas em engenharia, ciência da computação e estatística.</li>
</ol>
<p><strong>Plano de Ação</strong></p>
<ul>
<li><strong>Semana 1-2</strong>: Estudar funções quadráticas, incluindo definição, gráficos, análise e resolução de equações.</li>
<li><strong>Semana 3-4</strong>: Estudar funções exponenciais, incluindo definição, gráficos, análise e resolução de equações.</li>
<li><strong>Semana 5-6</strong>: Estudar funções logarítmicas, incluindo definição, gráficos, análise e resolução de equações.</li>
<li><strong>Semana 7-8</strong>: Revisar todos os tópicos, resolvendo problemas mistos e aplicando conhecimentos em projetos práticos.</li>
</ul>
<p><strong>Recursos</strong></p>
<ul>
<li>Livros didáticos de matemática que abordam funções.</li>
<li>Vídeos educacionais online (como Khan Academy, 3Blue1Brown).</li>
<li>Software de matemática (como GeoGebra, Desmos) para visualizar gráficos.</li>
<li>Prática regular com exercícios e problemas.</li>
</ul>
<p><strong>Avaliação</strong></p>
<ul>
<li>Autoavaliação semanal baseada no progresso nos objetivos.</li>
<li>Testes quinzenais para avaliar a compreensão dos tópicos estudados.</li>
<li>Projeto final que aplique conhecimentos de funções em um problema real ou teórico.</li>
</ul>
<p>Este plano de estudos é personalizado para atender às necessidades individuais, permitindo uma abordagem flexível e adaptável ao ritmo de aprendizado de cada pessoa. Com dedicação e prática regular, é possível dominar os conceitos de funções quadráticas, exponenciais e logarítmicas, alcançando uma sólida base em matemática para futuros estudos e aplicação prática.</p>
<p>=== Material de Estudos ===</p>
<p>Aqui está uma lista de vídeos relacionados ao assunto de funções em matemática, abordando funções quadráticas, exponenciais e logarítmicas:</p>
<p><strong>Função Quadrática:</strong></p>
<ol>
<li><strong>Khan Academy - Funções Quadráticas</strong>: Este vídeo explica a definição e a forma padrão de funções quadráticas, além de mostrar como graficá-las e resolver equações quadráticas.</li>
<li><strong>3Blue1Brown - Animações de Funções Quadráticas</strong>: Este vídeo oferece uma visualização animada do comportamento de funções quadráticas, ajudando a entender melhor seus gráficos e propriedades.</li>
<li><strong>Crash Course - Funções Quadráticas</strong>: Este vídeo apresenta uma introdução às funções quadráticas, incluindo sua definição, gráficos e aplicações em problemas práticos.</li>
<li><strong>Math Antics - Funções Quadráticas</strong>: Este vídeo fornece uma explicação detalhada sobre funções quadráticas, incluindo como encontrar vértices, eixos de simetria e interceptos.</li>
<li><strong>PatrickJMT - Resolução de Equações Quadráticas</strong>: Este vídeo mostra várias técnicas para resolver equações quadráticas, incluindo fatoração, quadrado perfeito e fórmula quadrática.</li>
</ol>
<p><strong>Função Exponencial:</strong></p>
<ol>
<li><strong>Khan Academy - Funções Exponenciais</strong>: Este vídeo explica a definição e as propriedades de funções exponenciais, além de mostrar como graficá-las e resolver equações exponenciais.</li>
<li><strong>3Blue1Brown - Animações de Funções Exponenciais</strong>: Este vídeo oferece uma visualização animada do comportamento de funções exponenciais, ajudando a entender melhor seus gráficos e propriedades.</li>
<li><strong>Crash Course - Funções Exponenciais</strong>: Este vídeo apresenta uma introdução às funções exponenciais, incluindo sua definição, gráficos e aplicações em problemas práticos.</li>
<li><strong>Math Antics - Funções Exponenciais</strong>: Este vídeo fornece uma explicação detalhada sobre funções exponenciais, incluindo como encontrar taxas de crescimento e declínio.</li>
<li><strong>PatrickJMT - Resolução de Equações Exponenciais</strong>: Este vídeo mostra várias técnicas para resolver equações exponenciais, incluindo o uso de logaritmos.</li>
</ol>
<p><strong>Função Logarítmica:</strong></p>
<ol>
<li><strong>Khan Academy - Funções Logarítmicas</strong>: Este vídeo explica a definição e as propriedades de funções logarítmicas, além de mostrar como graficá-las e resolver equações logarítmicas.</li>
<li><strong>3Blue1Brown - Animações de Funções Logarítmicas</strong>: Este vídeo oferece uma visualização animada do comportamento de funções logarítmicas, ajudando a entender melhor seus gráficos e propriedades.</li>
<li><strong>Crash Course - Funções Logarítmicas</strong>: Este vídeo apresenta uma introdução às funções logarítmicas, incluindo sua definição, gráficos e aplicações em problemas práticos.</li>
<li><strong>Math Antics - Funções Logarítmicas</strong>: Este vídeo fornece uma explicação detalhada sobre funções logarítmicas, incluindo como encontrar domínio e range.</li>
<li><strong>PatrickJMT - Resolução de Equações Logarítmicas</strong>: Este vídeo mostra várias técnicas para resolver equações logarítmicas, incluindo o uso de propriedades logarítmicas.</li>
</ol>
<p>Esses vídeos oferecem uma variedade de explicações e visualizações para ajudar a entender melhor as funções quadráticas, exponenciais e logarítmicas, além de fornecer técnicas práticas para resolver equações e problemas relacionados a essas funções.</p>
<p>=== Dicas Motivacionais ===</p>
<p>Olá! Querido estudante, </p>
<p>Estou aqui para te motivar e ajudar a manter o foco nos seus estudos de funções em matemática. É incrível que você esteja se dedicando a aprender sobre funções quadráticas, exponenciais e logarítmicas, pois esses conceitos são fundamentais para entender e modelar uma ampla gama de fenômenos naturais e sociais.</p>
<p>Lembre-se de que o estudo de funções é um processo contínuo e que cada pequeno passo que você dá é importante para alcançar seus objetivos. Não se preocupe se as coisas parecerem difíceis no início, pois a prática e a dedicação levarão você a dominar esses conceitos.</p>
<p>Aqui estão algumas dicas para te ajudar a manter o foco e a motivação:</p>
<ol>
<li><strong>Estabeleça metas claras</strong>: Defina o que você quer alcançar em cada semana e trabalhe para alcançar essas metas.</li>
<li><strong>Crie um cronograma</strong>: Organize seu tempo de estudo e reserve momentos específicos para cada tópico.</li>
<li><strong>Pratique regularmente</strong>: A prática é a chave para dominar as funções. Faça exercícios e resolva problemas regularmente.</li>
<li><strong>Busque ajuda quando necessário</strong>: Não hesite em pedir ajuda se você estiver tendo dificuldades em entender um conceito.</li>
<li><strong>Celebre seus progressos</strong>: Reconheça e celebre seus progressos, não importa quão pequenos sejam.</li>
</ol>
<p>Lembre-se de que você não está sozinho nessa jornada. Há muitos recursos disponíveis para te ajudar, incluindo vídeos educacionais, livros didáticos e software de matemática.</p>
<p>Aqui está uma mensagem de motivação para você:</p>
<p>""Você é capaz de alcançar grandes coisas! Acredite em si mesmo e não desista. Cada pequeno passo que você dá é importante para alcançar seus objetivos. Mantenha o foco, pratique regularmente e busque ajuda quando necessário. Você vai dominar as funções em matemática e alcançar seus objetivos!""</p>
<p>Boa sorte, estudante! Você vai fazer um ótimo trabalho! </p>
<p>Aqui está um resumo do plano de estudos personalizado para você:</p>
<p><strong>Introdução</strong>
O estudo de funções é fundamental na matemática, pois permite entender e modelar uma ampla gama de fenômenos naturais e sociais. Neste plano de estudos, vamos nos concentrar em três tipos importantes de funções: quadrática, exponencial e logarítmica.</p>
<p><strong>Objetivos do Plano de Estudos</strong>
- Compreender a definição e as propriedades básicas de funções quadráticas, exponenciais e logarítmicas.
- Aprender a graficar e analisar essas funções.
- Desenvolver habilidades para resolver equações e inequações envolvendo essas funções.
- Aplicar conhecimentos de funções em problemas práticos e teóricos.</p>
<p><strong>Tópico 1: Função Quadrática</strong></p>
<ol>
<li><strong>Definição e Forma Padrão</strong>: Estudar a definição de funções quadráticas e sua forma padrão (f(x) = ax^2 + bx + c).</li>
<li><strong>Gráficos de Funções Quadráticas</strong>: Aprender a graficar funções quadráticas, identificando vértices, eixos de simetria e interceptos.</li>
<li><strong>Análise de Funções Quadráticas</strong>: Estudar como as funções quadráticas se comportam em diferentes intervalos, incluindo máximos e mínimos locais.</li>
<li><strong>Resolução de Equações Quadráticas</strong>: Aprender métodos para resolver equações quadráticas, incluindo fatoração, quadrado perfeito e fórmula quadrática.</li>
<li><strong>Exercícios Práticos</strong>: Resolver uma variedade de problemas que envolvem funções quadráticas, incluindo aplicação em física e engenharia.</li>
</ol>
<p><strong>Tópico 2: Função Exponencial</strong></p>
<ol>
<li><strong>Definição e Propriedades</strong>: Estudar a definição de funções exponenciais e suas propriedades, incluindo a regra dos exponentes.</li>
<li><strong>Gráficos de Funções Exponenciais</strong>: Aprender a graficar funções exponenciais, observando o crescimento ou declínio exponencial.</li>
<li><strong>Análise de Funções Exponenciais</strong>: Analisar o comportamento das funções exponenciais, incluindo taxas de crescimento e declínio.</li>
<li><strong>Resolução de Equações Exponenciais</strong>: Aprender a resolver equações que envolvem funções exponenciais, usando logaritmos.</li>
<li><strong>Aplicações</strong>: Explorar aplicações de funções exponenciais em biologia, economia e física.</li>
</ol>
<p><strong>Tópico 3: Função Logarítmica</strong></p>
<ol>
<li><strong>Definição e Propriedades</strong>: Estudar a definição de funções logarítmicas e suas propriedades, incluindo a relação com funções exponenciais.</li>
<li><strong>Gráficos de Funções Logarítmicas</strong>: Aprender a graficar funções logarítmicas, observando seu comportamento.</li>
<li><strong>Análise de Funções Logarítmicas</strong>: Analisar o comportamento das funções logarítmicas, incluindo domínio e range.</li>
<li><strong>Resolução de Equações Logarítmicas</strong>: Aprender a resolver equações que envolvem funções logarítmicas, usando propriedades logarítmicas.</li>
<li><strong>Aplicações</strong>: Explorar aplicações de funções logarítmicas em engenharia, ciência da computação e estatística.</li>
</ol>
<p><strong>Plano de Ação</strong></p>
<ul>
<li><strong>Semana 1-2</strong>: Estudar funções quadráticas, incluindo definição, gráficos, análise e resolução de equações.</li>
<li><strong>Semana 3-4</strong>: Estudar funções exponenciais, incluindo definição, gráficos, análise e resolução de equações.</li>
<li><strong>Semana 5-6</strong>: Estudar funções logarítmicas, incluindo definição, gráficos, análise e resolução de equações.</li>
<li><strong>Semana 7-8</strong>: Revisar todos os tópicos, resolvendo problemas mistos e aplicando conhecimentos em projetos práticos.</li>
</ul>
<p><strong>Recursos</strong></p>
<ul>
<li>Livros didáticos de matemática que abordam funções.</li>
<li>Vídeos educacionais online (como Khan Academy, 3Blue1Brown).</li>
<li>Software de matemática (como GeoGebra, Desmos) para visualizar gráficos.</li>
<li>Prática regular com exercícios e problemas.</li>
</ul>
<p><strong>Avaliação</strong></p>
<ul>
<li>Autoavaliação semanal baseada no progresso nos objetivos.</li>
<li>Testes quinzenais para avaliar a compreensão dos tópicos estudados.</li>
<li>Projeto final que aplique conhecimentos de funções em um problema real ou teórico.</li>
</ul>
<p>Espero que essa mensagem de motivação e o plano de estudos personalizado te ajudem a alcançar seus objetivos! Lembre-se de que a prática e a dedicação são fundamentais para o sucesso. Boa sorte!</p>
    </body>
    </html>
    ",2025-03-01 12:03:50.655970
